Glass,GL-50-NONE-NONE-00,
Plastic,PL-50-NONE-NONE-00,
Plastic Drivewear Photo Polar,PL-50-PHPO-DWR0-00,V2744;V2762
Glass Polarized Brown 3,GL-50-POLR-BRN3-00,V2762
Glass Polarized Gray 3,GL-50-POLR-GRY3-00,V2762
Plastic Polarized Brown 3,PL-50-POLR-BRN3-00,V2762
Plastic Polarized Gray 3,PL-50-POLR-GRY3-00,V2762
Transitions 7 Brown,PL-50-TRAN-BRN7-00,V2744
Transitions 7 Gray,PL-50-TRAN-GRY7-00,V2744
Transitions 7 Gray Green,PL-50-TRAN-GG07-00,V2744
Transitions Vantage Grey,PL-50-TRAN-TVG0-00,V2744;V2762
Glass PhotoBrown Xtra,GL-50-XTRA-BRN0-00,V2744
Glass PhotoGray Xtra,GL-50-XTRA-GRY0-00,V2744
Transitions Xtractive Brown,PL-50-XTRA-BRN0-00,V2744
Transitions Xtractive Gray,PL-50-XTRA-GRY0-00,V2744
Transitions Xtractive Green,PL-50-XTRA-GRN0-00,V2744
Trivex,TV-53-NONE-NONE-00,V2782
Trivex Polarized Brown 3,TV-53-POLR-BRN3-00,V2782;V2762
Trivex Polarized Gray 3,TV-53-POLR-GRY3-00,V2782;V2762
Transitions 7 Trivex Brown,TV-53-TRAN-BRN7-00,V2782;V2744
Transitions 7 Trivex Gray,TV-53-TRAN-GRY7-00,V2782;V2744
Transitions 7 Trivex Gray Green,TV-53-TRAN-GG07-00,V2782;V2744
Transitions Vantage Trivex Grey,TV-53-TRAN-TVG0-00,V2782;V2744;V2762
Transitions Trivex XTRActive Brown,TV-53-XTRA-BRN0-00,V2782;V2744
Transitions Trivex XTRActive Green,TV-53-XTRA-GRN0-00,V2782;V2744
Transitions Trivex XTRActive Grey,TV-53-XTRA-GRY0-00,V2782;V2744
Plastic 1.56 BLU-TECH INDOOR,PH-56-BTIN-NONE-00,V2782;V2745
Plastic 1.56 BLU-TECH OUTDOOR,PH-56-BTOT-NONE-00,V2782;V2745;V2762
Plastic 1.56,PH-56-NONE-NONE-00,V2782
Plastic 1.56  Drivewear Photo Polar,PH-56-PHPO-DWR0-00,V2782;V2744;V2762
Plastic 1.56 Polarized Brown 3,PH-56-POLR-BRN3-00,V2782;V2762
Plastic 1.56 Polarized Gray 3,PH-56-POLR-GRY3-00,V2782;V2762
Transitions 1.56 Brown,PH-56-TRAN-BRN0-00,V2782;V2744
Transitions 1.56 Gray,PH-56-TRAN-GRY0-00,V2782;V2744
Polycarbonate VE Life Rx  Gray,PO-58-LIFE-GRY0-00,V2784;V2744
Polycarbonate VE Life Rx Brown,PO-58-LIFE-BRN0-00,V2784;V2744
Polycarbonate,PO-58-NONE-NONE-00,V2784
Polycarbonate Drivewear Photo Polar,PO-58-PHPO-DWR0-00,V2784;V2744;V2762
Polycarbonate Polarized Brown 3,PO-58-POLR-BRN3-00,V2784;V2762
Polycarbonate Polarized Gray 3,PO-58-POLR-GRY3-00,V2784;V2762
Transitions 7 Polycarbonate Brown,PO-58-TRAN-BRN7-00,V2784;V2744
Transitions 7 Polycarbonate Gray,PO-58-TRAN-GRY7-00,V2784;V2744
Transitions 7 Polycarbonate Gray Green,PO-58-TRAN-GG07-00,V2784;V2744
Transitions Polycarbonate Vantage Grey,PO-58-TRAN-TVG0-00,V2784;V2744;V2762
Transitions Polycarbonate XTRActive Brown,PO-58-XTRA-BRN0-00,V2784;V2744
Transitions Polycarbonate XTRActive Green,PO-58-XTRA-GRN0-00,V2784;V2744
Transitions Polycarbonate XTRActive Grey,PO-58-XTRA-GRY0-00,V2784;V2744
Glass 1.60,GH-60-NONE-NONE-00,V2782
Plastic 1.60,PH-60-NONE-NONE-00,V2782
Plastic 1.60 Polarized Brown 3,PH-60-POLR-BRN3-00,V2782;V2762
Plastic 1.60 Polarized Gray 3,PH-60-POLR-GRY3-00,V2782;V2762
Transitions 7 1.60 Brown,PH-60-TRAN-BRN7-00,V2782;V2744
Transitions 7 1.60 Gray,PH-60-TRAN-GRY7-00,V2782;V2744
Transitions 7 1.60 Gray Green,PH-60-TRAN-GG07-00,V2782;V2744
Glass 1.60 Photobrown Xtra,GH-60-XTRA-BRN0-00,V2782;V2744
Glass 1.60 PhotoGray Xtra,GH-60-XTRA-GRY0-00,V2782;V2744
Transitions 1.60 XTRActive Brown,PH-60-XTRA-BRN0-00,V2782;V2744
Transitions 1.60 XTRActive Grey,PH-60-XTRA-GRY0-00,V2782;V2744
Plastic 1.67,PH-67-NONE-NONE-00,V2783
Plastic 1.67 Polarized Brown 3,PH-67-POLR-BRN3-00,V2783;V2762
Plastic 1.67 Polarized Gray 3,PH-67-POLR-GRY3-00,V2783;V2762
Transitions 7 1.67 Brown,PH-67-TRAN-BRN7-00,V2783;V2744
Transitions 7 1.67 Gray,PH-67-TRAN-GRY7-00,V2783;V2744
Transitions 7 1.67 Gray Green,PH-67-TRAN-GG07-00,V2783;V2744
Transitions 1.67 XTRActive Brown,PH-67-XTRA-BRN0-00,V2783;V2744
Transitions 1.67 XTRActive Green,PH-67-XTRA-GRN0-00,V2783;V2744
Transitions 1.67 XTRActive Grey,PH-67-XTRA-GRY0-00,V2783;V2744
Plastic 1.70,PH-70-NONE-NONE-00,V2783
Plastic 1.74,PH-74-NONE-NONE-00,V2783
Transitions 7 1.74 Brown,PH-74-TRAN-BRN7-00,V2783;V2744
Transitions 7 1.74 Grey,PH-74-TRAN-GRY7-00,V2783;V2744